Environment,Timesteps,Mean Reward
Train (source),2000000,1627.844349557237
Eval (target),2000000,1752.7663736999998
