Environment,Timesteps,Mean Reward
Train (source),2000000,1629.4894080450201
Eval (target),2000000,1764.6671060999997
