Environment,Timesteps,Mean Reward
Train (source),2000000,1571.6076409489874
Eval (target),2000000,1664.9955214600004
