Environment,Timesteps,Mean Reward
Train (source),2000000,1648.5944654608465
Eval (target),2000000,1729.66159832
