Environment,Timesteps,Mean Reward
Train (source),2000000,1628.022828908484
Eval (target),2000000,1644.11799476
