Environment,Timesteps,Mean Reward
Train (source),2000000,1703.7132124099085
Eval (target),2000000,1820.3706581600002
