Environment,Timesteps,Mean Reward
Train (source),2000000,1498.1924720400502
Eval (target),2000000,1424.6065551400002
